<?xml version="1.0" encoding="ISO-8859-1"?>
<gmd:MD_Metadata xsi:schemaLocation="http://www.isotc211.org/2005/gmd http://schemas.opengis.net/iso/19139/20060504/gmd/gmd.xsd" 
xmlns:gmd="http://www.isotc211.org/2005/gmd" 
xmlns:gco="http://www.isotc211.org/2005/gco" 
xmlns:xsi="http://www.w3.org/2001/XMLSchema-instance" 
xmlns:gml="http://www.opengis.net/gml" 
xmlns:xlink="http://www.w3.org/1999/xlink" 
xmlns:gts="http://www.isotc211.org/2005/gts">
	<gmd:fileIdentifier>
		<gco:CharacterString>A.ES.SDGC.CP.MD..15079.xml</gco:CharacterString>
	</gmd:fileIdentifier>
	<gmd:language>
		<gmd:LanguageCode codeList="./resources/codeList.xml#LanguageCode" codeListValue="eng">eng</gmd:LanguageCode>
	</gmd:language>
	<gmd:characterSet>
		<gmd:MD_CharacterSetCode codeSpace="ISOTC211/19115" codeListValue="iso-8859-1" codeList="./resources/codeList.xml#MD_CharacterSetCode">iso-8859-1</gmd:MD_CharacterSetCode>
	</gmd:characterSet>
	<gmd:hierarchyLevel>
		<gmd:MD_ScopeCode codeList="./resources/codeList.xml#MD_ScopeCode" codeListValue="dataset">dataset</gmd:MD_ScopeCode>
	</gmd:hierarchyLevel>
	<gmd:contact>
		<gmd:CI_ResponsibleParty>
			<gmd:individualName>
				<gco:CharacterString>productosyservicios</gco:CharacterString>
			</gmd:individualName>
			<gmd:organisationName>
				<gco:CharacterString>Directorate General for Cadastre. Spain</gco:CharacterString>
			</gmd:organisationName>
			<gmd:contactInfo>
				<gmd:CI_Contact>
					<gmd:phone>
						<gmd:CI_Telephone>
							<gmd:voice>
								<gco:CharacterString>+34 902 37 36 35</gco:CharacterString>
							</gmd:voice>
						</gmd:CI_Telephone>
					</gmd:phone>
					<gmd:address>
						<gmd:CI_Address>
							<gmd:deliveryPoint>
								<gco:CharacterString>Paseo de la Castellana, 272</gco:CharacterString>
							</gmd:deliveryPoint>
							<gmd:city>
								<gco:CharacterString>Madrid</gco:CharacterString>
							</gmd:city>
							<gmd:administrativeArea>
								<gco:CharacterString>Madrid</gco:CharacterString>
							</gmd:administrativeArea>
							<gmd:postalCode>
								<gco:CharacterString>28046</gco:CharacterString>
							</gmd:postalCode>
							<gmd:country>
								<gco:CharacterString>Espa�a</gco:CharacterString>
							</gmd:country>
							<gmd:electronicMailAddress>
								<gco:CharacterString>productosyservicios@catastro.minhafp.es</gco:CharacterString>
							</gmd:electronicMailAddress>
						</gmd:CI_Address>
					</gmd:address>
					<gmd:onlineResource>
						<gmd:CI_OnlineResource>
							<gmd:linkage>
								<gmd:URL>http://www.catastro.minhap.es/</gmd:URL>
							</gmd:linkage>
						</gmd:CI_OnlineResource>
					</gmd:onlineResource>
				</gmd:CI_Contact>
			</gmd:contactInfo>
			<gmd:role>
				<gmd:CI_RoleCode codeList="./resources/codeList.xml#CI_RoleCode" codeListValue="pointOfContact">pointOfContact</gmd:CI_RoleCode>
			</gmd:role>
		</gmd:CI_ResponsibleParty>
	</gmd:contact>
	<gmd:dateStamp>
		<gco:Date>2020-04-17</gco:Date>
	</gmd:dateStamp>
	<gmd:metadataStandardName>
		<gco:CharacterString>ISO 19115:2003 + ISO 19115:2003/Cor 1:2006 (Perfil NEM 1.1)</gco:CharacterString>
	</gmd:metadataStandardName>
	<gmd:metadataStandardVersion>
		<gco:CharacterString>ISO19115:2003/Cor 1 2006</gco:CharacterString>
	</gmd:metadataStandardVersion>
	<gmd:spatialRepresentationInfo>
		<gmd:MD_VectorSpatialRepresentation>
			<gmd:topologyLevel>
				<gmd:MD_TopologyLevelCode codeList="./resources/codeList.xml#MD_TopologyLevelCode" codeListValue="planarGraph">planarGraph</gmd:MD_TopologyLevelCode>
			</gmd:topologyLevel>
		</gmd:MD_VectorSpatialRepresentation>
	</gmd:spatialRepresentationInfo>
	<gmd:referenceSystemInfo>
		<gmd:MD_ReferenceSystem>
			<gmd:referenceSystemIdentifier>
				<gmd:RS_Identifier>
									<gmd:code>
										<gco:CharacterString>http://www.opengis.net/def/crs/EPSG/0/25829</gco:CharacterString>
									</gmd:code>
				</gmd:RS_Identifier>
			</gmd:referenceSystemIdentifier>
		</gmd:MD_ReferenceSystem>
	</gmd:referenceSystemInfo>
	<gmd:identificationInfo>
		<gmd:MD_DataIdentification>
			<gmd:citation>
				<gmd:CI_Citation>
					<gmd:title>
						<gco:CharacterString>Cadastral Parcel of 15079-SANTIAGO DE COMPOSTELA (A Coru�a)</gco:CharacterString>
					</gmd:title>
					<gmd:alternateTitle>
						<gco:CharacterString>A.ES.SDGC.CP..15079.zip</gco:CharacterString>
					</gmd:alternateTitle>
					<gmd:date>
						<gmd:CI_Date>
							<gmd:date>
								<gco:Date>2020-04-17</gco:Date>
							</gmd:date>
							<gmd:dateType>
								<gmd:CI_DateTypeCode codeList="http://standards.iso.org/ittf/PubliclyAvailableStandards/ISO_19139_Schemas/resources/Codelist/ML_gmxCodelists.xml#CI_DateTypeCode" codeListValue="creation">creation</gmd:CI_DateTypeCode>
							</gmd:dateType>
						</gmd:CI_Date>
					</gmd:date>
					<gmd:identifier>
						<gmd:RS_Identifier>
							<gmd:authority>
								<gmd:CI_Citation>
									<gmd:title>
										<gco:CharacterString>A.ES.SDGC.CP..15079</gco:CharacterString>
									</gmd:title>
									<gmd:date>
										<gmd:CI_Date>
											<gmd:date>
												<gco:Date>2020-04-17</gco:Date>
											</gmd:date>
											<gmd:dateType>
												<gmd:CI_DateTypeCode codeList="./resources/codeList.xml#CI_DateTypeCode" codeListValue="publication">publication</gmd:CI_DateTypeCode>
											</gmd:dateType>
										</gmd:CI_Date>
									</gmd:date>
									<gmd:identifier gco:nilReason="inapplicable"/>
								</gmd:CI_Citation>
							</gmd:authority>
							<gmd:code>
								<gco:CharacterString>25829</gco:CharacterString>
							</gmd:code>
							<gmd:codeSpace>
								<gco:CharacterString>http://www.catastro.minhap.es</gco:CharacterString>
							</gmd:codeSpace>
						</gmd:RS_Identifier>
					</gmd:identifier>
				</gmd:CI_Citation>
			</gmd:citation>
			<gmd:abstract>
				<gco:CharacterString>Cadastral Parcels. Urban and rural cartography </gco:CharacterString>
			</gmd:abstract>
			<gmd:pointOfContact>
				<gmd:CI_ResponsibleParty>
					<gmd:organisationName>
						<gco:CharacterString>Directorate General for Cadastre. Spain</gco:CharacterString>
					</gmd:organisationName>
					<gmd:contactInfo>
						<gmd:CI_Contact>
							<gmd:address>
								<gmd:CI_Address>
									<gmd:electronicMailAddress>
										<gco:CharacterString>productosyservicios@catastro.minhafp.es</gco:CharacterString>
									</gmd:electronicMailAddress>
								</gmd:CI_Address>
							</gmd:address>
							<gmd:onlineResource>
								<gmd:CI_OnlineResource>
									<gmd:linkage>
										<gmd:URL>http://www.sedecatastro.gob.es/</gmd:URL>
									</gmd:linkage>
								</gmd:CI_OnlineResource>
							</gmd:onlineResource>
						</gmd:CI_Contact>
					</gmd:contactInfo>
					<gmd:role>
						<gmd:CI_RoleCode codeList="./resources/codeList.xml#CI_RoleCode" codeListValue="author">author</gmd:CI_RoleCode>
					</gmd:role>
				</gmd:CI_ResponsibleParty>
			</gmd:pointOfContact>
			<gmd:descriptiveKeywords>
				<gmd:MD_Keywords>
					<gmd:keyword>
						<gco:CharacterString>Cadastral parcels</gco:CharacterString>
					</gmd:keyword>
					<gmd:thesaurusName>
						<gmd:CI_Citation>
							<gmd:title>
								<gco:CharacterString>GEMET - INSPIRE themes, version 1.0</gco:CharacterString>
							</gmd:title>
							<gmd:date>
								<gmd:CI_Date>
									<gmd:date>
										<gco:Date>2010-12-21</gco:Date>
									</gmd:date>
									<gmd:dateType>
										<gmd:CI_DateTypeCode codeList="http://standards.iso.org/ittf/PubliclyAvailableStandards/ISO_19139_Schemas/resources/Codelist/ML_gmxCodelists.xml#CI_DateTypeCode" codeListValue="publication">publication</gmd:CI_DateTypeCode>
									</gmd:dateType>
								</gmd:CI_Date>
							</gmd:date>
						</gmd:CI_Citation>
					</gmd:thesaurusName>
				</gmd:MD_Keywords>
			</gmd:descriptiveKeywords>
			<gmd:resourceConstraints>
				<gmd:MD_LegalConstraints>
                <gmd:accessConstraints>
	                <gmd:MD_RestrictionCode codeList="http://standards.iso.org/ittf/PubliclyAvailableStandards/ISO_19139_Schemas/resources/Codelist/ML_gmxCodelists.xml#MD_RestrictionCode" codeListValue="otherRestrictions">otherRestrictions</gmd:MD_RestrictionCode>
                </gmd:accessConstraints>
                <gmd:otherConstraints>
                   <gco:CharacterString>no limitation</gco:CharacterString>
                </gmd:otherConstraints>
				</gmd:MD_LegalConstraints>
			</gmd:resourceConstraints>
			<gmd:resourceConstraints>
				<gmd:MD_Constraints>
					<gmd:useLimitation>
						<gco:CharacterString>No conditions apply</gco:CharacterString>
					</gmd:useLimitation>
				</gmd:MD_Constraints>
			</gmd:resourceConstraints>
			<gmd:language>
				<gmd:LanguageCode codeList="./resources/codeList.xml#LanguageCode" codeListValue="spa">spa</gmd:LanguageCode>
			</gmd:language>
			<gmd:topicCategory>
				<gmd:MD_TopicCategoryCode>planningCadastre</gmd:MD_TopicCategoryCode>
			</gmd:topicCategory>
			<gmd:topicCategory>
				<gmd:MD_TopicCategoryCode>location</gmd:MD_TopicCategoryCode>
			</gmd:topicCategory>
			<gmd:topicCategory>
				<gmd:MD_TopicCategoryCode>transportation</gmd:MD_TopicCategoryCode>
			</gmd:topicCategory>
			<gmd:topicCategory>
				<gmd:MD_TopicCategoryCode>society</gmd:MD_TopicCategoryCode>
			</gmd:topicCategory>
			<gmd:extent>
				<gmd:EX_Extent>
					<gmd:geographicElement>
						<gmd:EX_GeographicBoundingBox>
							<gmd:westBoundLongitude>
								<gco:Decimal>-8.63306577328646</gco:Decimal>
							</gmd:westBoundLongitude>
							<gmd:eastBoundLongitude>
								<gco:Decimal>-8.38987635024884</gco:Decimal>
							</gmd:eastBoundLongitude>
							<gmd:southBoundLatitude>
								<gco:Decimal>42.8231926061681</gco:Decimal>
							</gmd:southBoundLatitude>
							<gmd:northBoundLatitude>
								<gco:Decimal>42.9907446056385</gco:Decimal>
							</gmd:northBoundLatitude>
						</gmd:EX_GeographicBoundingBox>
					</gmd:geographicElement>
				</gmd:EX_Extent>
			</gmd:extent>
		</gmd:MD_DataIdentification>
	</gmd:identificationInfo>
	<gmd:contentInfo>
		<gmd:MD_FeatureCatalogueDescription>
			<gmd:includedWithDataset>
				<gco:Boolean>true</gco:Boolean>
			</gmd:includedWithDataset>
			<gmd:featureCatalogueCitation>
				<gmd:CI_Citation>
					<gmd:title>
						<gco:CharacterString>Cadastral Parcel</gco:CharacterString>
					</gmd:title>
					<gmd:date>
						<gmd:CI_Date>
							<gmd:date>
								<gco:Date>2011-12-20</gco:Date>
							</gmd:date>
							<gmd:dateType>
								<gmd:CI_DateTypeCode codeList="./resources/codeList.xml#CI_DateTypeCode" codeListValue="Publication">Publication</gmd:CI_DateTypeCode>
							</gmd:dateType>
						</gmd:CI_Date>
					</gmd:date>
				</gmd:CI_Citation>
			</gmd:featureCatalogueCitation>
		</gmd:MD_FeatureCatalogueDescription>
	</gmd:contentInfo>
	<gmd:distributionInfo>
		<gmd:MD_Distribution>
			<gmd:distributionFormat>
				<gmd:MD_Format>
					<gmd:name>
						<gco:CharacterString>INSPIRE Predefined Dataset</gco:CharacterString>
					</gmd:name>
					<gmd:version>
						<gco:CharacterString>3.0</gco:CharacterString>
					</gmd:version>
					<gmd:specification>
						<gco:CharacterString>INSPIRE_DataSpecification_CP_v3.0</gco:CharacterString>
					</gmd:specification>
				</gmd:MD_Format>
			</gmd:distributionFormat>
			<gmd:distributor>
				<gmd:MD_Distributor>
					<gmd:distributorContact>
						<gmd:CI_ResponsibleParty>
							<gmd:individualName gco:nilReason="inapplicable"/>
							<gmd:organisationName gco:nilReason="inapplicable"/>
							<gmd:positionName gco:nilReason="inapplicable"/>
							<gmd:contactInfo>
                            <gmd:CI_Contact>
                              <gmd:onlineResource>
                                <gmd:CI_OnlineResource>
                                  <gmd:linkage>
                                     <gmd:URL>http://www.catastro.minhap.es</gmd:URL>
                                  </gmd:linkage>
                                </gmd:CI_OnlineResource>
                              </gmd:onlineResource>
                            </gmd:CI_Contact>
                          </gmd:contactInfo>
							<gmd:role>
								<gmd:CI_RoleCode codeList="./resources/codeList.xml#CI_RoleCode" codeListValue="owner">owner</gmd:CI_RoleCode>
							</gmd:role>
						</gmd:CI_ResponsibleParty>
					</gmd:distributorContact>
					<gmd:distributionOrderProcess>
						<gmd:MD_StandardOrderProcess>
							<gmd:fees>
								<gco:CharacterString>No fees</gco:CharacterString>
							</gmd:fees>
							<gmd:orderingInstructions>
								<gco:CharacterString>Cadastral parcels can be downloaded of free and free form subject to conditions of license across the Cadastal Electronic Site (http://www.sedecatastro.gob.es/). Otherwise, the application must be presented by postal mail or by fax addressed to the Cadastral offices. You provide an application model on the General Directorate of Cadastreon web page (http://www.catastro.meh.es/esp/productos1.asp#menu4)</gco:CharacterString>
							</gmd:orderingInstructions>
							<gmd:turnaround>
								<gco:CharacterString>Online resource</gco:CharacterString>
							</gmd:turnaround>
						</gmd:MD_StandardOrderProcess>
					</gmd:distributionOrderProcess>
                  <gmd:distributorFormat>
                    <gmd:MD_Format>
                      <gmd:name>
                         <gco:CharacterString>GML</gco:CharacterString>
                      </gmd:name>
                      <gmd:version>
                         <gco:CharacterString>3.2</gco:CharacterString>
                      </gmd:version>
                    </gmd:MD_Format>
                  </gmd:distributorFormat>
				</gmd:MD_Distributor>
			</gmd:distributor>
			<gmd:transferOptions>
				<gmd:MD_DigitalTransferOptions>
					<gmd:unitsOfDistribution>
						<gco:CharacterString>Cadastral parcels by municipalities</gco:CharacterString>
					</gmd:unitsOfDistribution>
					<gmd:transferSize>
						<gco:Real>0</gco:Real>
					</gmd:transferSize>
					<gmd:onLine>
						<gmd:CI_OnlineResource>
							<gmd:linkage>
								 <gmd:URL>http://www.catastro.minhap.es</gmd:URL>
							</gmd:linkage>
						</gmd:CI_OnlineResource>
					</gmd:onLine>
				</gmd:MD_DigitalTransferOptions>
			</gmd:transferOptions>
		</gmd:MD_Distribution>
	</gmd:distributionInfo>
	<gmd:dataQualityInfo>
		<gmd:DQ_DataQuality>
			<gmd:scope>
				<gmd:DQ_Scope>
					<gmd:level>
						<gmd:MD_ScopeCode codeListValue="dataset" codeList="./resources/codeList.xml#MD_ScopeCode">dataset</gmd:MD_ScopeCode>
					</gmd:level>
					<gmd:extent>
						<gmd:EX_Extent>
							<gmd:description gco:nilReason="inapplicable"/>
							<gmd:temporalElement gco:nilReason="inapplicable"/>
							<gmd:verticalElement gco:nilReason="inapplicable"/>
						</gmd:EX_Extent>
					</gmd:extent>
					<gmd:levelDescription gco:nilReason="inapplicable"/>
				</gmd:DQ_Scope>
			</gmd:scope>
			<gmd:report>
				<gmd:DQ_DomainConsistency xsi:type="gmd:DQ_DomainConsistency_Type">
					<gmd:result>
						<gmd:DQ_ConformanceResult xsi:type="gmd:DQ_ConformanceResult_Type">
							<gmd:specification>
								<gmd:CI_Citation>
									<gmd:title>
										<gco:CharacterString>COMMISSION REGULATION (EU) No 1089/2010 of 23 November 2010 implementing Directive 2007/2/EC of the European Parliament and of the Council as regards interoperability of spatial data sets and services</gco:CharacterString>
									</gmd:title>
									<gmd:date>
										<gmd:CI_Date>
											<gmd:date>
												<gco:Date>2010-12-08</gco:Date>
											</gmd:date>
											<gmd:dateType>
												<gmd:CI_DateTypeCode codeList="http://standards.iso.org/ittf/PubliclyAvailableStandards/ISO_19139_Schemas/resources/Codelist/ML_gmxCodelists.xml#CI_DateTypeCode" codeListValue="publication">publication</gmd:CI_DateTypeCode>
											</gmd:dateType>
										</gmd:CI_Date>
									</gmd:date>
								</gmd:CI_Citation>
							</gmd:specification>
							<gmd:explanation>
								<gco:CharacterString>See the referenced specification</gco:CharacterString>
							</gmd:explanation>
							<gmd:pass>
								<gco:Boolean>true</gco:Boolean>
							</gmd:pass>
						</gmd:DQ_ConformanceResult>
					</gmd:result>
				</gmd:DQ_DomainConsistency>
			</gmd:report>
			<gmd:report>
				<gmd:DQ_DomainConsistency xsi:type="gmd:DQ_DomainConsistency_Type">
					<gmd:result>
						<gmd:DQ_ConformanceResult xsi:type="gmd:DQ_ConformanceResult_Type">
							<gmd:specification>
								<gmd:CI_Citation>
									<gmd:title>
										<gco:CharacterString>COMMISSION REGULATION (EU) No 1088/2010 of 23 November 2010 amending Regulation (EC) No 976/2009 as regards download services and transformation services</gco:CharacterString>
									</gmd:title>
									<gmd:date>
										<gmd:CI_Date>
											<gmd:date>
												<gco:Date>2010-12-08</gco:Date>
											</gmd:date>
											<gmd:dateType>
												<gmd:CI_DateTypeCode codeList="http://standards.iso.org/ittf/PubliclyAvailableStandards/ISO_19139_Schemas/resources/Codelist/ML_gmxCodelists.xml#CI_DateTypeCode" codeListValue="publication">publication</gmd:CI_DateTypeCode>
											</gmd:dateType>
										</gmd:CI_Date>
									</gmd:date>
								</gmd:CI_Citation>
							</gmd:specification>
							<gmd:explanation>
								<gco:CharacterString>See the referenced specification</gco:CharacterString>
							</gmd:explanation>
							<gmd:pass>
								<gco:Boolean>true</gco:Boolean>
							</gmd:pass>
						</gmd:DQ_ConformanceResult>
					</gmd:result>
				</gmd:DQ_DomainConsistency>
			</gmd:report>
			<gmd:lineage>
				<gmd:LI_Lineage>
					<gmd:statement>
						<gco:CharacterString>Developed by means of numeric restitution from a photogrammetric flight, or by digitalizing graphic documents existing at the Cadastre.</gco:CharacterString>
					</gmd:statement>
					<gmd:processStep>
						<gmd:LI_ProcessStep>
							<gmd:description>
								<gco:CharacterString>Developed by means of numeric restitution from a photogrammetric flight, or by digitalizing graphic documents existing at the Cadastre.</gco:CharacterString>
							</gmd:description>
						</gmd:LI_ProcessStep>
					</gmd:processStep>
					<gmd:source>
						<gmd:LI_Source>
							<gmd:description>
								<gco:CharacterString>Process steps: 1. Photogrametry flight E 1/18.000 in order to get the ortophoto map E 1/5.000 2. Survey in order to identify the boundaries of the cadastral parcels 3. Cabinet work in order to complete the cadastral cartography and the cadastral parcels 4. Semantic treatment: codification and restructure, correction and allocation of texts and the national cadastral references</gco:CharacterString>
							</gmd:description>
							<gmd:scaleDenominator>
								<gmd:MD_RepresentativeFraction>
									<gmd:denominator>
										<gco:Integer>2000</gco:Integer>
									</gmd:denominator>
								</gmd:MD_RepresentativeFraction>
							</gmd:scaleDenominator>
							<gmd:sourceExtent gco:nilReason="inapplicable"/>
						</gmd:LI_Source>
					</gmd:source>
				</gmd:LI_Lineage>
			</gmd:lineage>
		</gmd:DQ_DataQuality>
	</gmd:dataQualityInfo>
	<gmd:dataQualityInfo>
		<gmd:DQ_DataQuality>
			<gmd:scope>
				<gmd:DQ_Scope>
					<gmd:level>
						<gmd:MD_ScopeCode codeListValue="dataset" codeList="./resources/codeList.xml#MD_ScopeCode">dataset</gmd:MD_ScopeCode>
					</gmd:level>
					<gmd:extent>
						<gmd:EX_Extent>
							<gmd:description gco:nilReason="inapplicable"/>
							<gmd:temporalElement gco:nilReason="inapplicable"/>
							<gmd:verticalElement gco:nilReason="inapplicable"/>
						</gmd:EX_Extent>
					</gmd:extent>
					<gmd:levelDescription gco:nilReason="inapplicable"/>
				</gmd:DQ_Scope>
			</gmd:scope>
			<gmd:report>
				<gmd:DQ_DomainConsistency xsi:type="gmd:DQ_DomainConsistency_Type">
					<gmd:result>
						<gmd:DQ_ConformanceResult xsi:type="gmd:DQ_ConformanceResult_Type">
							<gmd:specification>
								<gmd:CI_Citation>
									<gmd:title>
										<gco:CharacterString>COMMISSION REGULATION (EU) No 1089/2010 of 23 November 2010 implementing Directive 2007/2/EC of the European Parliament and of the Council as regards interoperability of spatial data sets and services</gco:CharacterString>
									</gmd:title>
									<gmd:date>
										<gmd:CI_Date>
											<gmd:date>
												<gco:Date>2010-12-08</gco:Date>
											</gmd:date>
											<gmd:dateType>
												<gmd:CI_DateTypeCode codeList="http://standards.iso.org/ittf/PubliclyAvailableStandards/ISO_19139_Schemas/resources/Codelist/ML_gmxCodelists.xml#CI_DateTypeCode" codeListValue="publication">publication</gmd:CI_DateTypeCode>
											</gmd:dateType>
										</gmd:CI_Date>
									</gmd:date>
								</gmd:CI_Citation>
							</gmd:specification>
							<gmd:explanation>
								<gco:CharacterString>See the referenced specification</gco:CharacterString>
							</gmd:explanation>
							<gmd:pass>
								<gco:Boolean>true</gco:Boolean>
							</gmd:pass>
						</gmd:DQ_ConformanceResult>
					</gmd:result>
				</gmd:DQ_DomainConsistency>
			</gmd:report>
			<gmd:report>
				<gmd:DQ_DomainConsistency xsi:type="gmd:DQ_DomainConsistency_Type">
					<gmd:result>
						<gmd:DQ_ConformanceResult xsi:type="gmd:DQ_ConformanceResult_Type">
							<gmd:specification>
								<gmd:CI_Citation>
									<gmd:title>
										<gco:CharacterString>COMMISSION REGULATION (EU) No 1088/2010 of 23 November 2010 amending Regulation (EC) No 976/2009 as regards download services and transformation services</gco:CharacterString>
									</gmd:title>
									<gmd:date>
										<gmd:CI_Date>
											<gmd:date>
												<gco:Date>2010-12-08</gco:Date>
											</gmd:date>
											<gmd:dateType>
												<gmd:CI_DateTypeCode codeList="http://standards.iso.org/ittf/PubliclyAvailableStandards/ISO_19139_Schemas/resources/Codelist/ML_gmxCodelists.xml#CI_DateTypeCode" codeListValue="publication">publication</gmd:CI_DateTypeCode>
											</gmd:dateType>
										</gmd:CI_Date>
									</gmd:date>
								</gmd:CI_Citation>
							</gmd:specification>
							<gmd:explanation>
								<gco:CharacterString>See the referenced specification</gco:CharacterString>
							</gmd:explanation>
							<gmd:pass>
								<gco:Boolean>true</gco:Boolean>
							</gmd:pass>
						</gmd:DQ_ConformanceResult>
					</gmd:result>
				</gmd:DQ_DomainConsistency>
			</gmd:report>
			<gmd:lineage>
				<gmd:LI_Lineage>
					<gmd:statement>
						<gco:CharacterString>Developed by means of numeric restitution from a photogrammetric flight, or by digitalizing graphic documents existing at the Cadastre.</gco:CharacterString>
					</gmd:statement>
					<gmd:processStep>
						<gmd:LI_ProcessStep>
							<gmd:description>
								<gco:CharacterString>Developed by means of numeric restitution from a photogrammetric flight, or by digitalizing graphic documents existing at the Cadastre.</gco:CharacterString>
							</gmd:description>
						</gmd:LI_ProcessStep>
					</gmd:processStep>
					<gmd:source>
						<gmd:LI_Source>
							<gmd:description>
								<gco:CharacterString>Process steps: 1. Numeric stereoploting in order to get the cadastral cartography and the virtual cadastral parcels 2. Survey in order to get data that could not possible to obtain in the stereoploting phase 3. Cabinet work to integrate the stereoploting and survey work and posterior edition in order to complete the cadastral cartography and the cadastral parcels. 4. Semantic treatment: codification and restructure, correction and allocation of texts and the national cadastral references</gco:CharacterString>
							</gmd:description>
							<gmd:scaleDenominator>
								<gmd:MD_RepresentativeFraction>
									<gmd:denominator>
										<gco:Integer>1000</gco:Integer>
									</gmd:denominator>
								</gmd:MD_RepresentativeFraction>
							</gmd:scaleDenominator>
							<gmd:sourceExtent gco:nilReason="inapplicable"/>
						</gmd:LI_Source>
					</gmd:source>
				</gmd:LI_Lineage>
			</gmd:lineage>
		</gmd:DQ_DataQuality>
	</gmd:dataQualityInfo>
	<gmd:portrayalCatalogueInfo>
	   <gmd:MD_PortrayalCatalogueReference>
		<gmd:portrayalCatalogueCitation>
			<gmd:CI_Citation>
				<gmd:title>
					<gco:CharacterString>http://ovc.catastro.meh.es/Cartografia/INSPIRE/spadgcwms_portrayal.png</gco:CharacterString>
				</gmd:title>
				<gmd:date>
				  <gmd:CI_Date>
                  <gmd:date>
                      <gco:Date>2012-06-01</gco:Date>
                  </gmd:date>
					<gmd:dateType>
						<gmd:CI_DateTypeCode codeList="http://www.isotc211.org/2005/resources/codeList.xml#CI_DateTypeCode" codeListValue="publication">publication</gmd:CI_DateTypeCode>
					</gmd:dateType>
				  </gmd:CI_Date>
				</gmd:date>
			</gmd:CI_Citation>
		</gmd:portrayalCatalogueCitation>
	   </gmd:MD_PortrayalCatalogueReference>
	</gmd:portrayalCatalogueInfo>
</gmd:MD_Metadata>
